{
	"version": 1,
	"changelists": [
		{
			"guid": "00000000000000000000000000000000",
			"description": "Default Uncontrolled Changelist",
			"files": [
				"E:/MidnightMunchies 5.1 5.1 - 2 5.2 - 2 THIS ONE/Content/TopDownTestLevel.umap",
				"E:/MidnightMunchies 5.1 5.1 - 2 5.2 - 2 THIS ONE/Content/BluePrints/Widgets/images_created_for_screens/DSDN102_Game_Design_Information_Gameplay_Page.uasset",
				"E:/MidnightMunchies 5.1 5.1 - 2 5.2 - 2 THIS ONE/Content/BluePrints/Widgets/images_created_for_screens/DSDN102_Game_Design_LOST_Page.uasset",
				"E:/MidnightMunchies 5.1 5.1 - 2 5.2 - 2 THIS ONE/Content/BluePrints/Widgets/images_created_for_screens/DSDN102_Game_Design_Title_Page.uasset",
				"E:/MidnightMunchies 5.1 5.1 - 2 5.2 - 2 THIS ONE/Content/BluePrints/Widgets/images_created_for_screens/DSDN102_Game_Design_Won_Screen_Page.uasset",
				"E:/MidnightMunchies 5.1 5.1 - 2 5.2 - 2 THIS ONE/Content/BluePrints/Widgets/InformationOptions.uasset",
				"E:/MidnightMunchies 5.1 5.1 - 2 5.2 - 2 THIS ONE/Content/BluePrints/Widgets/LevelUI.uasset",
				"E:/MidnightMunchies 5.1 5.1 - 2 5.2 - 2 THIS ONE/Content/BluePrints/Widgets/MainMenu.uasset",
				"E:/MidnightMunchies 5.1 5.1 - 2 5.2 - 2/Content/BluePrints/YouCannotLeave.uasset",
				"E:/MidnightMunchies 5.1 5.1 - 2 5.2 - 2/Content/TopDownTestLevel.umap",
				"E:/MidnightMunchies 5.1 5.1 - 2 5.2 - 2/Content/BluePrints/EnemyBurger.uasset",
				"E:/MidnightMunchies 5.1 5.1 - 2 5.2 - 2/Content/BluePrints/ToyPistolBullet.uasset",
				"E:/MidnightMunchies 5.1 5.1 - 2 5.2 - 2/Content/BluePrints/THEACTUALFINALEnemyBurger.uasset",
				"E:/MidnightMunchies 5.1 5.1 - 2 5.2 - 2/Content/BluePrints/MasterEnemy.uasset",
				"E:/MidnightMunchies 5.1 5.1 - 2 5.2 - 2/Content/BluePrints/Burger.uasset",
				"E:/MidnightMunchies 5.1 5.1 - 2 5.2 - 2/Content/BluePrints/BaseEnemyBlueprint.uasset",
				"E:/MidnightMunchies 5.1 5.1 - 2 5.2 - 2/Content/BluePrints/EnemyHotdog.uasset",
				"E:/MidnightMunchies 5.1 5.1 - 2 5.2 - 2/Content/BluePrints/Widgets/LevelUI.uasset",
				"E:/MidnightMunchies 5.1 5.1 - 2 5.2 - 2/Content/BluePrints/HomeBase.uasset",
				"E:/MidnightMunchies 5.1 5.1 - 2 5.2 - 2/Content/BluePrints/Widgets/LOSESCREEN.uasset",
				"E:/MidnightMunchies 5.1 5.1 - 2 5.2 - 2/Content/BluePrints/Widgets/MainMenu.uasset",
				"E:/MidnightMunchies 5.1 5.1 - 2 5.2 - 2/Content/BluePrints/Non_Using/FinalEnemyBurger.uasset",
				"E:/MidnightMunchies 5.1 5.1 - 2 5.2 - 2/Content/BluePrints/FinalEnemyBurger.uasset",
				"E:/MidnightMunchies 5.1 5.1 - 2 5.2 - 2/Content/Materials/EnemyHotdogBun.uasset",
				"E:/MidnightMunchies 5.1 5.1 - 2 5.2 - 2/Content/Materials/EnemyHotdogMeat.uasset",
				"E:/MidnightMunchies 5.1 5.1 - 2 5.2 - 2/Content/Materials/GrayRoad.uasset",
				"E:/MidnightMunchies 5.1 5.1 - 2 5.2 - 2/Content/Materials/PillarColour.uasset",
				"E:/MidnightMunchies 5.1 5.1 - 2 5.2 - 2/Content/Materials/RoofColour.uasset",
				"E:/MidnightMunchies 5.1 5.1 - 2 5.2 - 2/Content/BluePrints/TopDownCharacter.uasset",
				"E:/MidnightMunchies 5.1 5.1 - 2 5.2 - 2/Content/BluePrints/Widgets/WonSceen.uasset",
				"D:/MidnightMunchies/Content/TopDownTestLevel.umap",
				"D:/MidnightMunchies/Content/BluePrints/TopDownCharacter.uasset",
				"D:/MidnightMunchies/Content/BluePrints/SpeedPickUp.uasset",
				"D:/MidnightMunchies/Content/BluePrints/TopDownGameModeBase.uasset",
				"D:/MidnightMunchies/Content/BluePrints/TopDownPlayerController.uasset",
				"D:/MidnightMunchies 5.1/Content/BluePrints/TopDownCharacter.uasset",
				"D:/MidnightMunchies 5.1/Content/BluePrints/HomeBase.uasset",
				"D:/MidnightMunchies 5.1/Content/TopDownTestLevel.umap",
				"D:/MidnightMunchies 5.1/Content/BluePrints/EnemyBurger.uasset",
				"D:/MidnightMunchies 5.1/Content/BluePrints/ToyPistolBullet.uasset",
				"D:/MidnightMunchies 5.1/Content/BluePrints/LevelUI.uasset",
				"D:/MidnightMunchies 5.1 5.1 - 2/Content/BluePrints/HomeBase.uasset",
				"D:/MidnightMunchies 5.1 5.1 - 2/Content/BluePrints/TopDownCharacter.uasset",
				"D:/MidnightMunchies 5.1 5.1 - 2/Content/BluePrints/EnemyBurger.uasset",
				"D:/MidnightMunchies 5.1 5.1 - 2/Content/TopDownTestLevel.umap",
				"D:/MidnightMunchies 5.1 5.1 - 2/Content/BluePrints/ToyPistolBullet.uasset",
				"D:/MidnightMunchies 5.1 5.1 - 2/Content/BluePrints/Widgets/LOSESCREEN.uasset",
				"D:/MidnightMunchies 5.1 5.1 - 2/Content/BluePrints/Widgets/LevelUI.uasset",
				"D:/MidnightMunchies 5.1 5.1 - 2/Content/BluePrints/TopDownGameModeBase.uasset",
				"D:/MidnightMunchies 5.1 5.1 - 2/Content/BluePrints/Widgets/MainMenu.uasset",
				"D:/MidnightMunchies 5.1 5.1 - 2/Content/MainMenuMap.umap",
				"D:/MidnightMunchies 5.1 5.1 - 2/Content/MenuGamemode.uasset",
				"D:/MidnightMunchies 5.1 5.1 - 2/Content/BluePrints/Widgets/DSDN102_Game_Design_Information_Gameplay_Page.uasset",
				"D:/MidnightMunchies 5.1 5.1 - 2/Content/BluePrints/Widgets/DSDN102_Game_Design_LOST_Page.uasset",
				"D:/MidnightMunchies 5.1 5.1 - 2/Content/BluePrints/Widgets/DSDN102_Game_Design_Title_Page.uasset",
				"D:/MidnightMunchies 5.1 5.1 - 2/Content/BluePrints/Widgets/DSDN102_Game_Design_Won_Screen_Page.uasset",
				"D:/MidnightMunchies 5.1 5.1 - 2/Content/BluePrints/Widgets/InformationOptions.uasset",
				"D:/MidnightMunchies 5.1 5.1 - 2/Content/BluePrints/Widgets/images_created_for_screens/DSDN102_Game_Design_Won_Screen_Page.uasset",
				"D:/MidnightMunchies 5.1 5.1 - 2/Content/BluePrints/Widgets/images_created_for_screens/DSDN102_Game_Design_Information_Gameplay_Page.uasset",
				"D:/MidnightMunchies 5.1 5.1 - 2/Content/BluePrints/Widgets/images_created_for_screens/DSDN102_Game_Design_LOST_Page.uasset",
				"D:/MidnightMunchies 5.1 5.1 - 2/Content/BluePrints/Widgets/images_created_for_screens/DSDN102_Game_Design_Title_Page.uasset",
				"D:/MidnightMunchies 5.1 5.1 - 2/Content/Materials/EnemyColour.uasset",
				"D:/MidnightMunchies 5.1 5.1 - 2/Content/BluePrints/Widgets/WonSceen.uasset",
				"D:/MidnightMunchies 5.1 5.1 - 2/Content/Materials/EnemyBaseColour.uasset",
				"D:/MidnightMunchies 5.1 5.1 - 2/Content/Materials/EnemyCheese.uasset",
				"D:/MidnightMunchies 5.1 5.1 - 2/Content/Materials/EnemyPatty.uasset",
				"D:/MidnightMunchies 5.1 5.1 - 2/Content/Materials/WoodenFence.uasset",
				"D:/MidnightMunchies 5.1 5.1 - 2/Content/Materials/Grass.uasset",
				"D:/MidnightMunchies 5.1 5.1 - 2/Content/BluePrints/FinalEnemyBurger.uasset",
				"D:/MidnightMunchies 5.1 5.1 - 2/Content/BluePrints/LevelUI.uasset",
				"D:/MidnightMunchies 5.1 5.1 - 2/Content/BluePrints/HomeBase_HealthSystem.uasset",
				"D:/MidnightMunchies 5.1/Content/BluePrints/Ground.uasset"
			]
		}
	]
}